Time,Butler Trail : Crenshaw Bridge - Urban Trail,Butler Trail: South Lamar - Urban Trail,Butler Trail: North Congress - Urban Trail,Butler Trail : Longhorn Dam - Urban Trail,Shoal Creek Trail & 24th St- Urban Trail
2/17/16 0:00,4242,,,,
2/18/16 0:00,4979,,,,
2/19/16 0:00,5002,,,,
2/20/16 0:00,7697,,,,
2/21/16 0:00,5958,,,,
2/22/16 0:00,4289,,,,
2/23/16 0:00,2337,,,,
2/24/16 0:00,3888,,,,
2/25/16 0:00,4563,,,,
2/26/16 0:00,4266,,,,
2/27/16 0:00,9190,,,,
2/28/16 0:00,7599,,,,
2/29/16 0:00,4897,,,,
3/1/16 0:00,5130,,,,
3/2/16 0:00,5395,,,,
3/3/16 0:00,5307,,,,
3/4/16 0:00,5301,,,,
3/5/16 0:00,9092,,,,
3/6/16 0:00,18404,,,,
3/7/16 0:00,2934,,,,
3/8/16 0:00,3860,,,,
3/9/16 0:00,1163,,,,
3/10/16 0:00,1759,,,,
3/11/16 0:00,2056,,,,
3/12/16 0:00,7273,,,,
3/13/16 0:00,7481,,,,
3/14/16 0:00,4859,,,,
3/15/16 0:00,5137,,,,
3/16/16 0:00,4625,,,,
3/17/16 0:00,3471,,,,
3/18/16 0:00,3223,,,,
3/19/16 0:00,5353,,,,
3/20/16 0:00,7015,,,,
3/21/16 0:00,4476,,,,
3/22/16 0:00,5190,,,,
3/23/16 0:00,4831,,,,
3/24/16 0:00,4271,,,,
3/25/16 0:00,6503,,,,
3/26/16 0:00,8991,,,,
3/27/16 0:00,7206,,,,
3/28/16 0:00,5886,,,,
3/29/16 0:00,4138,,,,
3/30/16 0:00,3403,,,,
3/31/16 0:00,5645,,,,
4/1/16 0:00,1989,,,,
4/2/16 0:00,8925,,,,
4/3/16 0:00,8710,,,,
4/4/16 0:00,5769,,,,
4/5/16 0:00,5820,,,,
4/6/16 0:00,5470,,,,
4/7/16 0:00,5588,,,,
4/8/16 0:00,5030,,,,
4/9/16 0:00,6335,,,,
4/10/16 0:00,5754,,,,
4/11/16 0:00,4527,,,,
4/12/16 0:00,3874,,,,
4/13/16 0:00,3960,,,,
4/14/16 0:00,5483,,,,
4/15/16 0:00,5149,,,,
4/16/16 0:00,5345,,,,
4/17/16 0:00,2367,,,,
4/18/16 0:00,1389,,,,
4/19/16 0:00,4173,,,,
4/20/16 0:00,4230,,,,
4/21/16 0:00,3165,,,,
4/22/16 0:00,5531,,,,
4/23/16 0:00,8749,,,,
4/24/16 0:00,6961,,,,
4/25/16 0:00,4795,,,,
4/26/16 0:00,4618,,,,
4/27/16 0:00,4959,,,,
4/28/16 0:00,4931,,,,
4/29/16 0:00,3409,,,,
4/30/16 0:00,7999,,,,
5/1/16 0:00,7549,,,,
5/2/16 0:00,3834,,,,
5/3/16 0:00,6345,,,,
5/4/16 0:00,5809,,,,
5/5/16 0:00,5295,,,,
5/6/16 0:00,4929,,,,
5/7/16 0:00,7549,,,,
5/8/16 0:00,4284,,,,
5/9/16 0:00,5062,,,,
5/10/16 0:00,4654,,,,
5/11/16 0:00,4597,,,,
5/12/16 0:00,4541,,,,
5/13/16 0:00,4720,,,,
5/14/16 0:00,5196,,,,
5/15/16 0:00,6472,,,,
5/16/16 0:00,4462,,,,
5/17/16 0:00,4894,,,,
5/18/16 0:00,4873,,,,
5/19/16 0:00,1893,,,,
5/20/16 0:00,5811,,,,
5/21/16 0:00,7417,,,,
5/22/16 0:00,6730,,,,
5/23/16 0:00,4180,,,,
5/24/16 0:00,5008,,,,
5/25/16 0:00,7108,,,,
5/26/16 0:00,3462,,,,
5/27/16 0:00,3325,,,,
5/28/16 0:00,7109,,,,
5/29/16 0:00,6542,,,,
5/30/16 0:00,5530,,,,
5/31/16 0:00,3297,,,,
6/1/16 0:00,4833,,,,
6/2/16 0:00,3123,,,,
6/3/16 0:00,4346,,,,
6/4/16 0:00,5255,,,,
6/5/16 0:00,7357,,,,
6/6/16 0:00,4559,,,,
6/7/16 0:00,4389,,,,
6/8/16 0:00,3860,,,,
6/9/16 0:00,5394,,,,
6/10/16 0:00,3748,,,,
6/11/16 0:00,5841,,,,
6/12/16 0:00,4805,,,,
6/13/16 0:00,3299,,,,
6/14/16 0:00,3635,,,,
6/15/16 0:00,3167,,,,
6/16/16 0:00,3541,,,,
6/17/16 0:00,2985,,,,
6/18/16 0:00,4731,,,,
6/19/16 0:00,4555,,,,
6/20/16 0:00,3276,,,,
6/21/16 0:00,3345,,,,
6/22/16 0:00,6692,,,,
6/23/16 0:00,3404,,,,
6/24/16 0:00,3502,,,,
6/25/16 0:00,6976,,,,
6/26/16 0:00,4887,,,,
6/27/16 0:00,3606,,,,
6/28/16 0:00,2676,,,,
6/29/16 0:00,3577,,,,
6/30/16 0:00,2937,,,,
7/1/16 0:00,2860,,,,
7/2/16 0:00,4873,,,,
7/3/16 0:00,4169,,,,
7/4/16 0:00,4449,,,,
7/5/16 0:00,2424,,,,
7/6/16 0:00,2876,,,,
7/7/16 0:00,2721,,,,
7/8/16 0:00,2596,,,,
7/9/16 0:00,4572,,,,
7/10/16 0:00,4643,,,,
7/11/16 0:00,2797,,,,
7/12/16 0:00,3050,,,,
7/13/16 0:00,4560,,,,
7/14/16 0:00,2883,,,,
7/15/16 0:00,2624,,,,
7/16/16 0:00,5095,,,,
7/17/16 0:00,4422,,,,
7/18/16 0:00,2714,,,,
7/19/16 0:00,2972,,,,
7/20/16 0:00,2643,,,,
7/21/16 0:00,2929,,,,
7/22/16 0:00,2497,,,,
7/23/16 0:00,4541,,,,
7/24/16 0:00,3945,,,,
7/25/16 0:00,2480,,,,
7/26/16 0:00,3631,,,,
7/27/16 0:00,2339,,,,
7/28/16 0:00,3803,,,,
7/29/16 0:00,2892,,,,
7/30/16 0:00,4849,,,,
7/31/16 0:00,4044,,,,
8/1/16 0:00,2926,,,,
8/2/16 0:00,3218,,,,
8/3/16 0:00,3896,,,,
8/4/16 0:00,2748,,,,
8/5/16 0:00,2556,,,,
8/6/16 0:00,4737,,,,
8/7/16 0:00,3651,,,,
8/8/16 0:00,2640,,,,
8/9/16 0:00,2892,,,,
8/10/16 0:00,2528,,,,
8/11/16 0:00,2618,,,,
8/12/16 0:00,2466,,,,
8/13/16 0:00,4485,,,,
8/14/16 0:00,3886,,,,
8/15/16 0:00,1532,,,,
8/16/16 0:00,1274,,,,
8/17/16 0:00,2166,,,,
8/18/16 0:00,2522,,,,
8/19/16 0:00,2637,,,,
8/20/16 0:00,4686,,,,
8/21/16 0:00,4176,,,,
8/22/16 0:00,3193,,,,
8/23/16 0:00,3432,,,,
8/24/16 0:00,3525,,,,
8/25/16 0:00,4047,,,,
8/26/16 0:00,3351,,,,
8/27/16 0:00,5496,,,,
8/28/16 0:00,5691,,,,
8/29/16 0:00,3012,,,,
8/30/16 0:00,4016,,,,
8/31/16 0:00,3278,,,,
9/1/16 0:00,3174,,,,
9/2/16 0:00,3660,,,,
9/3/16 0:00,5568,,,,
9/4/16 0:00,5321,,,,
9/5/16 0:00,5645,,,,
9/6/16 0:00,3515,,,,
9/7/16 0:00,3160,,,,
9/8/16 0:00,3334,,,,
9/9/16 0:00,2588,,,,
9/10/16 0:00,911,,,,
9/11/16 0:00,1047,,,,
9/12/16 0:00,590,,,,
9/13/16 0:00,640,,,,
9/14/16 0:00,1596,,,,
9/15/16 0:00,2928,,,,
9/16/16 0:00,3029,,,,
9/17/16 0:00,4295,,,,
9/18/16 0:00,3710,,,,
9/19/16 0:00,2643,,,,
9/20/16 0:00,2931,,,,
9/21/16 0:00,2794,,,,
9/22/16 0:00,2804,,,,
9/23/16 0:00,3014,,,,
9/24/16 0:00,5590,,,,
9/25/16 0:00,4296,,,,
9/26/16 0:00,2857,,,,
9/27/16 0:00,5316,,,,
9/28/16 0:00,4598,,,,
9/29/16 0:00,4684,,,,
9/30/16 0:00,17157,,,,
10/1/16 0:00,20530,,,,
10/2/16 0:00,18501,,,,
10/3/16 0:00,4073,,,,
10/4/16 0:00,3851,,,,
10/5/16 0:00,3296,,,,
10/6/16 0:00,2972,,,,
10/7/16 0:00,14906,,,,
10/8/16 0:00,18483,,,,
10/9/16 0:00,18195,,,,
10/10/16 0:00,5114,,,,
10/11/16 0:00,4433,,,,
10/12/16 0:00,3690,,,,
10/13/16 0:00,3638,,,,
10/14/16 0:00,3806,,,,
10/15/16 0:00,5999,,,,
10/16/16 0:00,5139,,,,
10/17/16 0:00,3269,,,,
10/18/16 0:00,3559,,,,
10/19/16 0:00,3587,,,,
10/20/16 0:00,4168,,,,
10/21/16 0:00,4703,,,,
10/22/16 0:00,7451,,,,
10/23/16 0:00,6642,,,,
10/24/16 0:00,4420,,,,
10/25/16 0:00,4559,,,,
10/26/16 0:00,4334,,,,
10/27/16 0:00,4178,,,,
10/28/16 0:00,4326,,,,
10/29/16 0:00,7122,,,,
10/30/16 0:00,6299,,,,
10/31/16 0:00,4050,,,,
11/1/16 0:00,3683,,,,
11/2/16 0:00,3250,,,,
11/3/16 0:00,2609,,,,
11/4/16 0:00,3652,,,,
11/5/16 0:00,4895,,,,
11/6/16 0:00,5100,,,,
11/7/16 0:00,2878,,,,
11/8/16 0:00,3060,,,,
11/9/16 0:00,2128,,,,
11/10/16 0:00,4418,,,,
11/11/16 0:00,4682,,,,
11/12/16 0:00,7714,,,,
11/13/16 0:00,7543,,,,
11/14/16 0:00,4707,,,,
11/15/16 0:00,4794,,,,
11/16/16 0:00,4339,,,,
11/17/16 0:00,4218,,,,
11/18/16 0:00,3210,,,,
11/19/16 0:00,6470,,,,
11/20/16 0:00,6282,,,,
11/21/16 0:00,4342,,,,
11/22/16 0:00,3426,,,,
11/23/16 0:00,4600,,,,
11/24/16 0:00,4512,,,,
11/25/16 0:00,3547,,,,
11/26/16 0:00,7077,,,,
11/27/16 0:00,6427,,,,
11/28/16 0:00,4294,,,,
11/29/16 0:00,4546,,,,
11/30/16 0:00,3888,,,,
12/1/16 0:00,3861,,,,
12/2/16 0:00,2420,,,,
12/3/16 0:00,1610,,,,
12/4/16 0:00,1847,,,,
12/5/16 0:00,1099,,,,
12/6/16 0:00,3458,,,,
12/7/16 0:00,2880,,,,
12/8/16 0:00,1745,,,,
12/9/16 0:00,1936,,,,
12/10/16 0:00,5707,,,,
12/11/16 0:00,6561,,,,
12/12/16 0:00,5229,,,,
12/13/16 0:00,5781,,,,
12/14/16 0:00,4329,,,,
12/15/16 0:00,4212,,,,
12/16/16 0:00,5753,,,,
12/17/16 0:00,9020,,,,
12/18/16 0:00,1818,,,,
12/19/16 0:00,2516,,,,
12/20/16 0:00,4757,,,,
12/21/16 0:00,7860,,,,
12/22/16 0:00,7409,,,,
12/23/16 0:00,5945,,,,
12/24/16 0:00,4244,,,,
12/25/16 0:00,3816,,,,
12/26/16 0:00,4662,,,,
12/27/16 0:00,4830,,,,
12/28/16 0:00,4951,,,,
12/29/16 0:00,3554,,,,
12/30/16 0:00,3339,,,,
12/31/16 0:00,5952,,,,
1/1/17 0:00,7555,,,,
1/2/17 0:00,7645,,,,
1/3/17 0:00,4815,,,,
1/4/17 0:00,2675,,,,
1/5/17 0:00,3307,,,,
1/6/17 0:00,965,,,,
1/7/17 0:00,3279,,,,
1/8/17 0:00,4813,,,,
1/9/17 0:00,3756,,,,
1/10/17 0:00,5100,,,,
1/11/17 0:00,4376,,,,
1/12/17 0:00,4479,,,,
1/13/17 0:00,2707,,,,
1/14/17 0:00,4564,,,,
1/15/17 0:00,3883,,,,
1/16/17 0:00,4021,,,,
1/17/17 0:00,1504,,,,
1/18/17 0:00,1544,,,,
1/19/17 0:00,4717,,,,
1/20/17 0:00,4467,,,,
1/21/17 0:00,7115,,,,
1/22/17 0:00,4829,,,,
1/23/17 0:00,4710,,,,
1/24/17 0:00,4981,,,,
1/25/17 0:00,4142,,,,
1/26/17 0:00,3561,,,,
1/27/17 0:00,2801,,,,141
1/28/17 0:00,6797,,,,40
1/29/17 0:00,7832,,,,513
1/30/17 0:00,4936,,,,26
1/31/17 0:00,4930,,,,19
2/1/17 0:00,4694,,,,26
2/2/17 0:00,3294,,,,17
2/3/17 0:00,2352,,,,43
2/4/17 0:00,4225,,,,17
2/5/17 0:00,5778,,,,19
2/6/17 0:00,3489,,,,25
2/7/17 0:00,5418,,,,41
2/8/17 0:00,4927,,,,37
2/9/17 0:00,4141,,,,27
2/10/17 0:00,3908,,,,194
2/11/17 0:00,8089,,,,685
2/12/17 0:00,7221,,,,44
2/13/17 0:00,3410,,,,44
2/14/17 0:00,1470,,,,400
2/15/17 0:00,3955,,,,671
2/16/17 0:00,4494,,,,305
2/17/17 0:00,4673,,,,209
2/18/17 0:00,8465,,,,108
2/19/17 0:00,4683,,,,114
2/20/17 0:00,3546,,,,138
2/21/17 0:00,5512,,,,92
2/22/17 0:00,5043,,,,100
2/23/17 0:00,4701,,,,96
2/24/17 0:00,4938,,,,44
2/25/17 0:00,7539,,,,81
2/26/17 0:00,4829,,,,55
2/27/17 0:00,4084,,,,42
2/28/17 0:00,3937,,,,55
3/1/17 0:00,4978,,,,92
3/2/17 0:00,4381,,,,193
3/3/17 0:00,4407,,,,160
3/4/17 0:00,2255,,,,109
3/5/17 0:00,4959,,,,42
3/6/17 0:00,4256,,,,238
3/7/17 0:00,3922,,,,70
3/8/17 0:00,4195,,,,51
3/9/17 0:00,3617,,,,54
3/10/17 0:00,3914,,,,71
3/11/17 0:00,2521,,,,265
3/12/17 0:00,3663,,,,31
3/13/17 0:00,4013,,,,93
3/14/17 0:00,5034,,,,55
3/15/17 0:00,4924,,,,65
3/16/17 0:00,3447,,,,51
3/17/17 0:00,3410,,,,43
3/18/17 0:00,6056,,,,57
3/19/17 0:00,6193,,,,52
3/20/17 0:00,4651,,,,55
3/21/17 0:00,4825,,,,41
3/22/17 0:00,4575,,,,33
3/23/17 0:00,4710,,,,72
3/24/17 0:00,2707,,,,397
3/25/17 0:00,8436,,,,131
3/26/17 0:00,6514,,,,17
3/27/17 0:00,4293,,,,239
3/28/17 0:00,4003,,,,57
3/29/17 0:00,4741,,,,65
3/30/17 0:00,5692,,,,52
3/31/17 0:00,4535,,,,38
4/1/17 0:00,6083,,,,13
4/2/17 0:00,4408,,,,23
4/3/17 0:00,5135,,,,87
4/4/17 0:00,4801,,,,50
4/5/17 0:00,5348,,,,173
4/6/17 0:00,5440,,,,38
4/7/17 0:00,4818,,,,10
4/8/17 0:00,7297,,,,12
4/9/17 0:00,6451,,,,18
4/10/17 0:00,2874,,,,5
4/11/17 0:00,2396,,,,2
4/12/17 0:00,4735,,,,12
4/13/17 0:00,4356,,,,34
4/14/17 0:00,5553,,,,23
4/15/17 0:00,7283,,,,19
4/16/17 0:00,6048,,,,547
4/17/17 0:00,3503,,,,270
4/18/17 0:00,4954,,,,239
4/19/17 0:00,4612,,,,672
4/20/17 0:00,4255,,,,582
4/21/17 0:00,3824,,,,1145
4/22/17 0:00,5451,,,,259
4/23/17 0:00,6814,,,,603
4/24/17 0:00,5020,,,,640
4/25/17 0:00,3769,,,,28
4/26/17 0:00,3726,,,,37
4/27/17 0:00,4839,,,,47
4/28/17 0:00,3040,,,,130
4/29/17 0:00,4181,,,,223
4/30/17 0:00,8092,,,,124
5/1/17 0:00,4090,,,,126
5/2/17 0:00,3919,,,,242
5/3/17 0:00,3002,,,,137
5/4/17 0:00,5054,,,,169
5/5/17 0:00,4346,,,,180
5/6/17 0:00,6167,,,,172
5/7/17 0:00,5923,,,,213
5/8/17 0:00,4310,,,,128
5/9/17 0:00,3092,,,,111
5/10/17 0:00,3563,,,,125
5/11/17 0:00,3215,,,,103
5/12/17 0:00,4333,,,,193
5/13/17 0:00,6540,,,,183
5/14/17 0:00,5039,,,,174
5/15/17 0:00,3786,,,,172
5/16/17 0:00,4006,,,,177
5/17/17 0:00,3008,,,,127
5/18/17 0:00,2886,,,,176
5/19/17 0:00,2633,,,,187
5/20/17 0:00,3818,,,,78
5/21/17 0:00,5782,,,,117
5/22/17 0:00,3706,,,,100
5/23/17 0:00,3997,,,,123
5/24/17 0:00,8477,,,,224
5/25/17 0:00,3475,,,,146
5/26/17 0:00,2882,,,,116
5/27/17 0:00,4070,,,,115
5/28/17 0:00,3864,,,,118
5/29/17 0:00,5036,,,,142
5/30/17 0:00,3955,,,,155
5/31/17 0:00,4055,,,,145
6/1/17 0:00,3408,,,,203
6/2/17 0:00,2502,,,,156
6/3/17 0:00,4989,,,,168
6/4/17 0:00,5125,,,,134
6/5/17 0:00,2952,,,,118
6/6/17 0:00,4462,,,,167
6/7/17 0:00,4130,,,,171
6/8/17 0:00,4039,,,,179
6/9/17 0:00,4149,,,,151
6/10/17 0:00,7005,,,,180
6/11/17 0:00,6187,,,,136
6/12/17 0:00,3816,,,,125
6/13/17 0:00,3987,,,,150
6/14/17 0:00,6955,,,,156
6/15/17 0:00,3517,,,,158
6/16/17 0:00,3464,,,,129
6/17/17 0:00,5393,,,,132
6/18/17 0:00,4562,,,,128
6/19/17 0:00,4140,,,,106
6/20/17 0:00,3570,,,,174
6/21/17 0:00,3591,,,,206
6/22/17 0:00,3689,,,,207
6/23/17 0:00,3067,,,,235
6/24/17 0:00,5623,,,,78
6/25/17 0:00,5818,,,,134
6/26/17 0:00,3636,,,,228
6/27/17 0:00,4496,,,,141
6/28/17 0:00,4035,,,,184
6/29/17 0:00,3406,,,,138
6/30/17 0:00,3069,,,,125
7/1/17 0:00,5135,,,,118
7/2/17 0:00,4696,,,,101
7/3/17 0:00,3982,,,,129
7/4/17 0:00,5257,,,,188
7/5/17 0:00,2828,,,,132
7/6/17 0:00,3538,,,,135
7/7/17 0:00,3352,,,,145
7/8/17 0:00,5274,,,,170
7/9/17 0:00,4589,,,,150
7/10/17 0:00,3125,,,,127
7/11/17 0:00,3445,,,,148
7/12/17 0:00,5764,,,,159
7/13/17 0:00,3604,,,,119
7/14/17 0:00,2804,,,,113
7/15/17 0:00,4627,,,,146
7/16/17 0:00,5172,,,,157
7/17/17 0:00,2985,,,,113
7/18/17 0:00,3288,,,,142
7/19/17 0:00,3135,,,,156
7/20/17 0:00,3037,,,,117
7/21/17 0:00,2497,,,,110
7/22/17 0:00,4934,,,,135
7/23/17 0:00,4456,,,,102
7/24/17 0:00,3240,,,,75
7/25/17 0:00,3398,,,,126
7/26/17 0:00,3105,,,,173
7/27/17 0:00,3116,,,,120
7/28/17 0:00,2808,,,,116
7/29/17 0:00,4762,,,,116
7/30/17 0:00,3852,,,,83
7/31/17 0:00,2880,,,,113
8/1/17 0:00,3138,,,,117
8/2/17 0:00,5727,,,,102
8/3/17 0:00,3330,,,,122
8/4/17 0:00,3133,,,,107
8/5/17 0:00,4800,,,,129
8/6/17 0:00,4611,,,,94
8/7/17 0:00,2207,,,,56
8/8/17 0:00,3696,,,,201
8/9/17 0:00,3496,,,,166
8/10/17 0:00,2939,,,,147
8/11/17 0:00,2747,,,,122
8/12/17 0:00,4559,,,,114
8/13/17 0:00,4231,,,,104
8/14/17 0:00,3082,,,,106
8/15/17 0:00,3230,,,,138
8/16/17 0:00,2996,,,,129
8/17/17 0:00,2786,,,,136
8/18/17 0:00,2767,,,,101
8/19/17 0:00,4864,,,,105
8/20/17 0:00,4162,,,,117
8/21/17 0:00,2947,,,,130
8/22/17 0:00,3191,,,,143
8/23/17 0:00,3183,,,,152
8/24/17 0:00,3084,,,,85
8/25/17 0:00,2836,,,,93
8/26/17 0:00,560,,,,7
8/27/17 0:00,801,,,,28
8/28/17 0:00,3095,,,,260
8/29/17 0:00,4363,,,,564
8/30/17 0:00,4317,,,,285
8/31/17 0:00,4067,,,,226
9/1/17 0:00,3621,,,,281
9/2/17 0:00,5389,,,,235
9/3/17 0:00,6008,,,,168
9/4/17 0:00,6550,,,,208
9/5/17 0:00,3435,,,,163
9/6/17 0:00,4955,,,,173
9/7/17 0:00,5268,,,,198
9/8/17 0:00,5344,,,,151
9/9/17 0:00,7388,,,,192
9/10/17 0:00,7112,,,,176
9/11/17 0:00,4920,,,,184
9/12/17 0:00,4657,,,,194
9/13/17 0:00,4146,,,,160
9/14/17 0:00,3565,,,,156
9/15/17 0:00,3887,,,,152
9/16/17 0:00,5564,,,,113
9/17/17 0:00,5037,,,,129
9/18/17 0:00,3293,,,,118
9/19/17 0:00,3437,,,,141
9/20/17 0:00,2959,,,,149
9/21/17 0:00,3372,,,,135
9/22/17 0:00,3338,,,,134
9/23/17 0:00,6097,,,,151
9/24/17 0:00,5416,,,,146
9/25/17 0:00,3842,,,,117
9/26/17 0:00,2804,,,,106
9/27/17 0:00,3271,,,,134
9/28/17 0:00,3279,,,,120
9/29/17 0:00,2130,,,,87
9/30/17 0:00,7162,,,,963
10/1/17 0:00,6638,,,,600
10/2/17 0:00,4031,,,,214
10/3/17 0:00,2787,,,,111
10/4/17 0:00,3180,,,,143
10/5/17 0:00,3977,,,,172
10/6/17 0:00,16480,,,,195
10/7/17 0:00,19518,,,,177
10/8/17 0:00,17446,,,,192
10/9/17 0:00,3207,,,,121
10/10/17 0:00,4869,,,,211
10/11/17 0:00,4891,,,,189
10/12/17 0:00,4270,,,,164
10/13/17 0:00,14530,,,,185
10/14/17 0:00,18915,,,,159
10/15/17 0:00,17263,,,,154
10/16/17 0:00,5080,,,,200
10/17/17 0:00,4654,,,,185
10/18/17 0:00,4358,,,,171
10/19/17 0:00,4336,,,,164
10/20/17 0:00,3682,,,,138
10/21/17 0:00,5494,,,,176
10/22/17 0:00,5398,,,,144
10/23/17 0:00,5117,,,,136
10/24/17 0:00,5023,,,,191
10/25/17 0:00,4616,,,,151
10/26/17 0:00,4519,,,,203
10/27/17 0:00,3237,,,,126
10/28/17 0:00,5212,,,,124
10/29/17 0:00,6002,,,,127
10/30/17 0:00,4331,,,,170
10/31/17 0:00,2453,,,,87
11/1/17 0:00,3831,,,,157
11/2/17 0:00,3920,,,,178
11/3/17 0:00,3539,,,,132
11/4/17 0:00,6020,,,,157
11/5/17 0:00,5711,,,,164
11/6/17 0:00,3957,,,,146
11/7/17 0:00,4160,,,,171
11/8/17 0:00,1823,,,,71
11/9/17 0:00,3148,,,,104
11/10/17 0:00,3833,,,,135
11/11/17 0:00,6899,,,,167
11/12/17 0:00,5880,,,,169
11/13/17 0:00,4312,,,,169
11/14/17 0:00,4259,,,,157
11/15/17 0:00,3749,,,,180
11/16/17 0:00,4000,,,,134
11/17/17 0:00,3573,,,,145
11/18/17 0:00,5899,,,,242
11/19/17 0:00,6182,,,,121
11/20/17 0:00,3719,,,,112
11/21/17 0:00,3977,,,,127
11/22/17 0:00,3761,,,,84
11/23/17 0:00,3861,,,,99
11/24/17 0:00,5298,,,,91
11/25/17 0:00,6689,,,,159
11/26/17 0:00,7501,,,,174
11/27/17 0:00,4042,,,,159
11/28/17 0:00,4422,,,,166
11/29/17 0:00,4213,,,,211
11/30/17 0:00,3882,,,,144
12/1/17 0:00,3918,,,,154
12/2/17 0:00,8151,,,,279
12/3/17 0:00,5239,,,,102
12/4/17 0:00,3557,,,,160
12/5/17 0:00,2445,,,,109
12/6/17 0:00,526,,,,19
12/7/17 0:00,1232,,,,57
12/8/17 0:00,2099,,,,84
12/9/17 0:00,9024,,,,140
12/10/17 0:00,8243,,,,149
12/11/17 0:00,4725,,,,149
12/12/17 0:00,4349,,,,151
12/13/17 0:00,4080,,,,144
12/14/17 0:00,4066,,,,126
12/15/17 0:00,4371,,,,140
12/16/17 0:00,3043,,,,45
12/17/17 0:00,4588,,,,84
12/18/17 0:00,3549,,,,102
12/19/17 0:00,1601,,,,14
12/20/17 0:00,7843,,,,172
12/21/17 0:00,8307,,,,157
12/22/17 0:00,1366,,,,57
12/23/17 0:00,7824,,,,76
12/24/17 0:00,3920,,,,63
12/25/17 0:00,3069,,,,68
12/26/17 0:00,2016,,,,59
12/27/17 0:00,1656,,,,34
12/28/17 0:00,2643,,,,65
12/29/17 0:00,2758,,,,57
12/30/17 0:00,6173,,,,117
12/31/17 0:00,2128,,,,42
1/1/18 0:00,1345,,,,23
1/2/18 0:00,1003,,,,36
1/3/18 0:00,2823,,,,86
1/4/18 0:00,2791,,,,79
1/5/18 0:00,3390,,,,131
1/6/18 0:00,6966,,,,111
1/7/18 0:00,6033,,,,108
1/8/18 0:00,4147,,,,191
1/9/18 0:00,4408,,,,153
1/10/18 0:00,3534,,,,252
1/11/18 0:00,3260,,,,123
1/12/18 0:00,2614,,,,75
1/13/18 0:00,5478,,,,111
1/14/18 0:00,6111,,,,97
1/15/18 0:00,4837,,,,220
1/16/18 0:00,380,,,,15
1/17/18 0:00,1216,,,,43
1/18/18 0:00,1700,,,,53
1/19/18 0:00,2146,,,,93
1/20/18 0:00,7626,,,,188
1/21/18 0:00,3824,,,,100
1/22/18 0:00,3928,,,,164
1/23/18 0:00,3815,,,,159
1/24/18 0:00,3881,,,,169
1/25/18 0:00,3720,,,,107
1/26/18 0:00,2795,,,,112
1/27/18 0:00,4977,,,,137
1/28/18 0:00,8953,,,,210
1/29/18 0:00,3993,,,,149
1/30/18 0:00,3959,,,,121
1/31/18 0:00,3998,,,,186
2/1/18 0:00,4126,,,,177
2/2/18 0:00,2940,,,,106
2/3/18 0:00,4493,,,,107
2/4/18 0:00,8646,,,,231
2/5/18 0:00,2605,,,,93
2/6/18 0:00,1425,,,,57
2/7/18 0:00,1572,,,,82
2/8/18 0:00,3249,,,,111
2/9/18 0:00,3005,,,,144
2/10/18 0:00,5490,,,,96
2/11/18 0:00,1753,,,,27
2/12/18 0:00,2232,,,,94
2/13/18 0:00,1563,,,,65
2/14/18 0:00,2722,,,,129
2/15/18 0:00,3396,,,,145
2/16/18 0:00,3407,,,,155
2/17/18 0:00,5340,,,,115
2/18/18 0:00,4705,,,,148
2/19/18 0:00,3926,,,,134
2/20/18 0:00,1838,,,,78
2/21/18 0:00,1165,,,,
2/22/18 0:00,1151,,,,
2/23/18 0:00,1682,,,,
2/24/18 0:00,5138,,,,
2/25/18 0:00,5850,,,,
2/26/18 0:00,4677,,,,
2/27/18 0:00,2460,,,,
2/28/18 0:00,3517,,,,
3/1/18 0:00,4689,,,,100
3/2/18 0:00,4273,,,,163
3/3/18 0:00,5817,,,,196
3/4/18 0:00,7831,,,,1
3/5/18 0:00,3801,,,,10
3/6/18 0:00,4965,,,,183
3/7/18 0:00,4470,,,,193
3/8/18 0:00,3920,,,,160
3/9/18 0:00,3336,,,,184
3/10/18 0:00,5550,,,,206
3/11/18 0:00,4061,,,,107
3/12/18 0:00,4249,,,,148
3/13/18 0:00,4420,,,,151
3/14/18 0:00,4685,,,,196
3/15/18 0:00,3662,,,,195
3/16/18 0:00,3467,,,,181
3/17/18 0:00,5284,,,,185
3/18/18 0:00,5281,,,,123
3/19/18 0:00,4822,,,,174
3/20/18 0:00,4993,,,,215
3/21/18 0:00,4775,,,,182
3/22/18 0:00,4395,,,,193
3/23/18 0:00,3451,,,,165
3/24/18 0:00,5456,,,,199
3/25/18 0:00,5588,,,,136
3/26/18 0:00,4628,1604,2463,2121,205
3/27/18 0:00,3645,2579,2213,817,117
3/28/18 0:00,1864,1098,1441,395,80
3/29/18 0:00,5343,3755,3531,1210,208
3/30/18 0:00,6457,5057,5204,1476,207
3/31/18 0:00,7990,6460,7449,2200,214
4/1/18 0:00,6926,5428,7305,1799,150
4/2/18 0:00,4890,3561,4772,1048,168
4/3/18 0:00,4486,3036,4720,1152,170
4/4/18 0:00,5233,3706,7066,1133,200
4/5/18 0:00,4751,3477,5308,1102,171
4/6/18 0:00,3862,3223,3486,935,166
4/7/18 0:00,2942,1976,4067,659,53
4/8/18 0:00,5389,4506,4975,1358,161
4/9/18 0:00,3776,2618,4201,763,164
4/10/18 0:00,5552,3943,3823,1166,228
4/11/18 0:00,4906,3737,3812,1138,212
4/12/18 0:00,4200,3352,3926,975,169
4/13/18 0:00,3010,2525,3447,798,115
4/14/18 0:00,6630,5449,5765,1696,180
4/15/18 0:00,7657,6149,5801,2080,218
4/16/18 0:00,4941,3769,3581,1088,237
4/17/18 0:00,4516,3695,3016,955,188
4/18/18 0:00,4444,3418,2899,1090,231
4/19/18 0:00,4967,2911,3352,984,214
4/20/18 0:00,4268,3101,3427,981,191
4/21/18 0:00,3955,3174,3307,1034,79
4/22/18 0:00,8173,6670,5854,2203,210
4/23/18 0:00,4887,3858,3555,1202,237
4/24/18 0:00,4597,3637,2939,1172,272
4/25/18 0:00,3083,2095,2284,606,186
4/26/18 0:00,5390,3695,3879,1139,212
4/27/18 0:00,4541,3490,3658,1140,188
4/28/18 0:00,6973,6132,6480,1656,861
4/29/18 0:00,7402,5618,5501,1946,179
4/30/18 0:00,3656,2440,2249,761,166
5/1/18 0:00,3611,2314,2015,771,170
5/2/18 0:00,3226,2528,2303,904,178
5/3/18 0:00,3660,2630,2414,849,161
5/4/18 0:00,1218,638,922,235,74
5/5/18 0:00,7247,5845,5864,1897,496
5/6/18 0:00,6757,5657,4904,1770,551
5/7/18 0:00,4299,3425,3165,1028,336
5/8/18 0:00,4782,3481,3259,1031,400
5/9/18 0:00,4426,3327,949,983,385
5/10/18 0:00,4519,3258,656,1013,368
5/11/18 0:00,3908,3124,771,971,305
5/12/18 0:00,6200,5114,1413,1725,449
5/13/18 0:00,5572,4733,959,1646,373
5/14/18 0:00,4044,2928,594,1052,364
5/15/18 0:00,3744,2937,533,900,380
5/16/18 0:00,3508,2741,560,1014,364
5/17/18 0:00,3380,2364,468,859,371
5/18/18 0:00,3360,2715,596,886,401
5/19/18 0:00,5708,4350,1023,1724,377
5/20/18 0:00,3803,2733,505,1112,284
5/21/18 0:00,4706,3694,1522,1112,357
5/22/18 0:00,4274,3222,3199,928,372
5/23/18 0:00,6801,3457,3152,963,395
5/24/18 0:00,3525,2979,2953,1364,499
5/25/18 0:00,3205,2842,3375,884,272
5/26/18 0:00,4731,4384,5322,1503,336
5/27/18 0:00,4382,4310,4939,1575,335
5/28/18 0:00,4270,3898,3960,1572,474
5/29/18 0:00,3030,2159,2313,836,396
5/30/18 0:00,3037,2230,2277,978,400
5/31/18 0:00,3011,2058,2431,848,355
6/1/18 0:00,2875,2101,2438,887,299
6/2/18 0:00,4629,3697,3873,1641,379
6/3/18 0:00,4256,3778,3195,1563,304
6/4/18 0:00,3952,3012,3161,981,399
6/5/18 0:00,3113,2218,2625,898,536
6/6/18 0:00,2709,2031,2493,1059,466
6/7/18 0:00,2804,2073,2583,998,331
6/8/18 0:00,2616,2068,2766,897,293
6/9/18 0:00,,4231,4363,1559,495
6/10/18 0:00,,3310,3720,1629,423
6/11/18 0:00,,1931,2510,1208,371
6/12/18 0:00,,2001,2615,986,363
6/13/18 0:00,,2232,2616,984,343
6/14/18 0:00,,2214,2846,1761,510
6/15/18 0:00,,2223,2945,1026,302
6/16/18 0:00,,4130,4457,1453,406
6/17/18 0:00,,3965,3957,1466,484
6/18/18 0:00,,2260,2696,717,489
6/19/18 0:00,,1330,1828,466,118
6/20/18 0:00,,2358,2689,815,243
6/21/18 0:00,,2624,3186,1116,518
6/22/18 0:00,,2324,2959,938,1169
6/23/18 0:00,,3742,4472,1364,733
6/24/18 0:00,,3658,4147,1604,576
6/25/18 0:00,,2473,2745,1105,671
6/26/18 0:00,,2178,2682,940,661
6/27/18 0:00,,2062,2296,983,702
6/28/18 0:00,,2197,2364,935,541
6/29/18 0:00,,2077,2503,969,428
6/30/18 0:00,,3409,3614,1564,478
7/1/18 0:00,,3322,3246,1393,560
7/2/18 0:00,,1970,2327,996,514
7/3/18 0:00,,2117,2298,944,435
7/4/18 0:00,,3657,2971,1328,709
7/5/18 0:00,,2767,3546,960,1068
7/6/18 0:00,,2634,3128,954,779
7/7/18 0:00,,4536,4584,1392,1084
7/8/18 0:00,,4527,3978,1619,950
7/9/18 0:00,,1388,1605,479,130
7/10/18 0:00,,2729,3043,1070,1131
7/11/18 0:00,,2366,2660,1111,1252
7/12/18 0:00,,2245,2855,1012,
7/13/18 0:00,,2358,2925,877,
7/14/18 0:00,,3995,4351,1678,
7/15/18 0:00,,3536,3592,1460,
7/16/18 0:00,,2073,2195,939,
7/17/18 0:00,,2140,2234,1126,
7/18/18 0:00,,2001,2210,911,
7/19/18 0:00,,1963,2084,882,
7/20/18 0:00,,1872,1942,762,
7/21/18 0:00,,3707,3364,1420,
7/22/18 0:00,,2985,2901,1269,
7/23/18 0:00,,1737,1751,814,
7/24/18 0:00,,1391,1693,802,
7/25/18 0:00,,1732,1782,808,
7/26/18 0:00,,1905,1889,914,
7/27/18 0:00,,1808,2241,927,
7/28/18 0:00,4789,3622,3631,1591,
7/29/18 0:00,3985,3101,2999,1407,
7/30/18 0:00,2492,1578,1939,943,
7/31/18 0:00,2492,1609,1895,843,
8/1/18 0:00,3013,1864,2380,989,
8/2/18 0:00,3266,1854,1880,900,
8/3/18 0:00,2874,1845,2078,914,
8/4/18 0:00,5463,3807,3938,1938,
8/5/18 0:00,4841,3036,3271,1550,
8/6/18 0:00,2928,1900,2317,880,
8/7/18 0:00,3391,1962,2302,919,
8/8/18 0:00,5155,1728,2046,914,
8/9/18 0:00,2846,1702,2000,851,
8/10/18 0:00,2992,2181,2482,852,
8/11/18 0:00,5089,3898,3323,1526,
8/12/18 0:00,4369,3200,3539,1118,
8/13/18 0:00,2897,1975,2727,863,
8/14/18 0:00,3050,2151,2928,936,531
8/15/18 0:00,3004,2236,2537,904,535
8/16/18 0:00,3020,2077,2356,915,509
8/17/18 0:00,2813,2015,2350,847,369
8/18/18 0:00,5133,3945,4007,1578,380
8/19/18 0:00,4737,3777,3476,1599,334
8/20/18 0:00,2859,1928,1833,816,355
8/21/18 0:00,3257,2150,1908,892,423
8/22/18 0:00,3175,2006,1804,900,363
8/23/18 0:00,2981,2010,2038,917,331
8/24/18 0:00,2997,2032,2267,821,347
8/25/18 0:00,5193,4078,3413,1437,414
8/26/18 0:00,4496,3763,3052,1573,465
8/27/18 0:00,3105,2098,1814,878,352
8/28/18 0:00,3490,2040,2155,860,431
8/29/18 0:00,3037,2249,1976,938,622
8/30/18 0:00,3257,2199,1988,889,376
8/31/18 0:00,3126,2267,2471,909,454
9/1/18 0:00,5381,4250,4084,1607,399
9/2/18 0:00,4822,4330,4571,1597,389
9/3/18 0:00,4968,3784,2856,1252,519
9/4/18 0:00,2824,1896,1726,599,388
9/5/18 0:00,3207,2324,2278,801,1072
9/6/18 0:00,3142,2375,2452,810,766
9/7/18 0:00,3645,1757,2394,570,418
9/8/18 0:00,5910,4404,3808,1540,893
9/9/18 0:00,1990,1291,1477,531,78
9/10/18 0:00,4146,2698,2576,783,316
9/11/18 0:00,3295,1820,2073,587,157
9/12/18 0:00,3324,2550,2356,796,718
9/13/18 0:00,3379,2495,2658,734,865
9/14/18 0:00,2789,1953,2342,686,29
9/15/18 0:00,4113,3145,3600,899,158
9/16/18 0:00,5218,4507,4086,1527,329
9/17/18 0:00,3714,2853,2936,1026,10
9/18/18 0:00,3577,2638,2638,885,
9/19/18 0:00,3534,2633,2570,927,
9/20/18 0:00,3050,1715,1694,484,
9/21/18 0:00,2827,1923,2594,660,
9/22/18 0:00,5094,3596,3907,1253,
9/23/18 0:00,6666,4528,4663,1785,
9/24/18 0:00,4078,3087,3031,996,
9/25/18 0:00,3286,2510,2529,972,
9/26/18 0:00,3588,2630,2444,901,
9/27/18 0:00,4453,3275,3083,1037,
9/28/18 0:00,4182,2183,3190,907,
9/29/18 0:00,4589,2602,4271,1062,
9/30/18 0:00,5755,3352,4233,1637,
10/1/18 0:00,3666,1903,2445,810,
10/2/18 0:00,3503,1585,2485,790,
10/3/18 0:00,3295,1263,2727,976,
10/4/18 0:00,3727,2257,2820,902,
10/5/18 0:00,15187,2057,3118,786,
10/6/18 0:00,17270,3100,4556,1067,
10/7/18 0:00,16954,3056,4062,1383,
10/8/18 0:00,2378,1327,1847,509,
10/9/18 0:00,2695,699,2057,486,
10/10/18 0:00,5137,1930,3289,1088,
10/11/18 0:00,4542,1209,3814,1081,
10/12/18 0:00,19439,1254,2581,970,76
10/13/18 0:00,17832,1261,4039,1726,
10/14/18 0:00,17880,1012,4014,1533,
10/15/18 0:00,919,292,403,178,22
10/16/18 0:00,968,412,685,235,21
10/17/18 0:00,1420,368,1329,307,80
10/18/18 0:00,1312,178,1307,111,319
10/19/18 0:00,885,135,949,164,91
10/20/18 0:00,3162,632,3370,131,334
10/21/18 0:00,5934,2171,4896,133,894
10/22/18 0:00,2320,408,2205,52,229
10/23/18 0:00,2197,747,1837,74,
10/24/18 0:00,901,356,559,32,
10/25/18 0:00,2798,1195,2696,59,
10/26/18 0:00,3641,1614,3446,98,
10/27/18 0:00,6159,1349,5349,78,
10/28/18 0:00,6171,2151,4698,54,
10/29/18 0:00,3899,258,2859,87,135
10/30/18 0:00,3782,231,2643,39,269
10/31/18 0:00,2083,314,1405,21,156
11/1/18 0:00,3475,603,2886,37,658
11/2/18 0:00,3562,701,3543,49,599
11/3/18 0:00,6437,2588,5438,74,620
11/4/18 0:00,6669,4770,5506,30,706
11/5/18 0:00,3576,2467,2974,25,294
11/6/18 0:00,3717,626,2524,50,293
11/7/18 0:00,3338,2006,2328,19,266
11/8/18 0:00,2653,1230,1972,13,175
11/9/18 0:00,2213,1531,2347,341,192
11/10/18 0:00,4879,3104,3801,1051,232
11/11/18 0:00,3816,2091,2667,874,161
11/12/18 0:00,1309,793,988,199,86
11/13/18 0:00,1631,973,1133,266,145
11/14/18 0:00,2467,1610,1819,450,654
11/15/18 0:00,3175,1895,2096,480,380
11/16/18 0:00,3519,2438,2908,738,703
11/17/18 0:00,7121,8786,5145,1654,434
11/18/18 0:00,3371,21729,2380,811,144
11/19/18 0:00,1321,14757,1459,407,319
11/20/18 0:00,3698,2957,2574,683,877
11/21/18 0:00,2715,427,1688,554,103
11/22/18 0:00,3548,2251,2618,863,174
11/23/18 0:00,5134,568,3830,1236,286
11/24/18 0:00,6775,1553,5203,1780,266
11/25/18 0:00,6276,264,3383,1525,294
11/26/18 0:00,2761,,1864,557,495
11/27/18 0:00,3143,,1976,638,246
11/28/18 0:00,3448,762,2331,631,250
11/29/18 0:00,4270,2610,2740,853,432
11/30/18 0:00,3468,2236,2532,725,862
12/1/18 0:00,8199,5554,5221,142,773
12/2/18 0:00,7159,5580,4684,22,724
12/3/18 0:00,3276,2016,1914,122,
12/4/18 0:00,3017,1816,1807,138,
12/5/18 0:00,2568,1644,1742,50,
12/6/18 0:00,1714,928,1262,20,
12/7/18 0:00,666,293,333,10,
12/8/18 0:00,2576,1881,3325,20,
12/9/18 0:00,4590,3286,5396,47,
12/10/18 0:00,3948,1872,2378,20,
12/11/18 0:00,4800,1789,1831,29,
12/12/18 0:00,4897,1882,1866,45,
12/13/18 0:00,3407,2080,2190,34,
12/14/18 0:00,2533,865,921,52,
12/15/18 0:00,9057,4371,4004,814,
12/16/18 0:00,6399,3638,3190,1193,
12/17/18 0:00,6058,2167,2035,619,
12/18/18 0:00,5482,1907,1739,478,
12/19/18 0:00,5339,1236,1434,330,
12/20/18 0:00,5280,1930,1951,565,
12/21/18 0:00,5262,2112,2000,734,
12/22/18 0:00,10090,4351,3617,1375,
12/23/18 0:00,8995,3285,3210,1202,
12/24/18 0:00,3276,2196,1963,482,
12/25/18 0:00,3776,2663,2339,762,
12/26/18 0:00,1087,612,1336,192,
12/27/18 0:00,5281,3827,4340,1084,
12/28/18 0:00,3994,2854,3681,853,
12/29/18 0:00,3157,2249,3024,743,
12/30/18 0:00,1487,945,2282,347,
12/31/18 0:00,5136,3828,4072,1260,
1/1/19 0:00,3394,2391,3342,636,
1/2/19 0:00,224,94,332,53,
1/3/19 0:00,1868,1419,2128,459,
1/4/19 0:00,4133,2880,4415,869,
1/5/19 0:00,9623,7024,7121,2389,
1/6/19 0:00,7017,5206,5253,2007,
1/7/19 0:00,4219,2861,2506,823,
1/8/19 0:00,4784,3053,2631,861,
1/9/19 0:00,3792,2450,2351,693,
1/10/19 0:00,3352,2143,1990,599,
1/11/19 0:00,2323,1509,1411,433,
1/12/19 0:00,8093,6079,5228,2108,
1/13/19 0:00,6076,4402,3917,1599,
1/14/19 0:00,2704,1586,1634,460,
1/15/19 0:00,2763,1616,1446,496,
1/16/19 0:00,2288,1379,1350,409,
1/17/19 0:00,5066,3667,3402,1055,
1/18/19 0:00,3235,1107,2043,735,
1/19/19 0:00,4401,3429,3392,1090,
1/20/19 0:00,5087,3813,3475,1379,
1/21/19 0:00,4563,2989,2920,1072,
1/22/19 0:00,3019,1493,1750,595,
1/23/19 0:00,2413,1569,1916,512,
1/24/19 0:00,3587,2011,2434,730,
1/25/19 0:00,2975,1916,1885,534,
1/26/19 0:00,6976,5210,4355,1708,
1/27/19 0:00,8710,4715,5556,2569,
1/28/19 0:00,4511,3210,3218,1033,
1/29/19 0:00,2396,1542,1672,486,
1/30/19 0:00,2814,1705,1608,502,
1/31/19 0:00,2495,1492,1437,447,
2/1/19 0:00,3069,2040,2093,653,
2/2/19 0:00,5690,4268,3722,1471,
2/3/19 0:00,6776,5217,4031,2140,
2/4/19 0:00,4182,2832,2741,969,
2/5/19 0:00,4134,2635,2714,838,
2/6/19 0:00,3762,2432,2357,779,
2/7/19 0:00,2983,1895,1890,579,
2/8/19 0:00,1053,577,1505,229,
2/9/19 0:00,2641,1906,3474,791,
2/10/19 0:00,2934,1984,4356,867,
2/11/19 0:00,2632,1709,2946,509,
2/12/19 0:00,4335,2907,3906,1484,
2/13/19 0:00,3295,2527,2668,282,
2/14/19 0:00,3978,2668,2696,8,
2/15/19 0:00,4720,3370,3756,5,
2/16/19 0:00,5026,3751,3684,,
2/17/19 0:00,6145,4599,5201,,
2/18/19 0:00,3625,2922,3131,5,
2/19/19 0:00,1123,572,1368,,
2/20/19 0:00,4058,2882,3225,,
2/21/19 0:00,2671,1638,1864,,
2/22/19 0:00,2220,1433,2053,,
2/23/19 0:00,7630,6329,5313,,
2/24/19 0:00,7528,6034,5739,,
2/25/19 0:00,3608,2571,2874,,
2/26/19 0:00,2939,2054,2148,,
2/27/19 0:00,4106,2812,2675,,
2/28/19 0:00,1336,836,1120,,
3/1/19 0:00,2314,1743,1813,,
3/2/19 0:00,3757,2951,3034,,
3/3/19 0:00,2640,1988,2023,,
3/4/19 0:00,1016,579,880,42,
3/5/19 0:00,1935,1272,1457,,
3/6/19 0:00,2547,1726,2001,,
3/7/19 0:00,3801,2751,2797,3,
3/8/19 0:00,3581,2618,3024,,
3/9/19 0:00,5981,4762,5221,,
3/10/19 0:00,5167,4132,4700,,
3/11/19 0:00,2967,2010,3024,,
3/12/19 0:00,2936,1838,2999,1,
3/13/19 0:00,3612,2442,3543,6,
3/14/19 0:00,4495,3196,4514,40,
3/15/19 0:00,2630,1585,1039,,
3/16/19 0:00,5037,3577,3137,,
3/17/19 0:00,5898,,6408,,
3/18/19 0:00,4331,,6033,,
3/19/19 0:00,3787,,6245,,
3/20/19 0:00,4106,,10374,,
3/21/19 0:00,4776,,7212,,
3/22/19 0:00,4165,750,7704,,
3/23/19 0:00,5089,4524,4601,,
3/24/19 0:00,6015,5657,5349,,
3/25/19 0:00,3642,3544,3292,,
3/26/19 0:00,4904,4042,3652,,
3/27/19 0:00,4335,3559,3842,,
3/28/19 0:00,3809,3033,3343,,
3/29/19 0:00,3466,2949,4163,,
3/30/19 0:00,4540,4237,4703,,
3/31/19 0:00,6805,3279,3752,,
4/1/19 0:00,3141,2465,5823,198,
4/2/19 0:00,4187,3430,6152,,
4/3/19 0:00,2649,2092,3087,801,106
4/4/19 0:00,2176,2919,4302,1132,384
4/5/19 0:00,2840,3227,3824,1125,313
4/6/19 0:00,1573,1442,1052,668,87
4/7/19 0:00,1849,1772,2569,756,194
4/8/19 0:00,3129,3956,4381,1304,1577
4/9/19 0:00,2401,3442,3774,1047,1820
4/10/19 0:00,2265,2760,3718,961,1121
4/11/19 0:00,3385,3331,4129,1019,3061
4/12/19 0:00,3076,3570,4467,1060,2061
4/13/19 0:00,2279,2566,3369,886,596
4/14/19 0:00,5698,5864,5872,1925,887
4/15/19 0:00,3037,3669,4298,1130,460
4/16/19 0:00,2362,3156,3311,934,327
4/17/19 0:00,1363,2243,2667,681,198
4/18/19 0:00,2741,3068,3882,959,352
4/19/19 0:00,4123,4559,5747,1347,765
4/20/19 0:00,4968,6577,7233,1884,714
4/21/19 0:00,3150,5167,5439,1686,386
4/22/19 0:00,2095,3273,3563,1030,338
4/23/19 0:00,1649,2027,3065,822,236
4/24/19 0:00,334,348,772,191,48
4/25/19 0:00,2166,3340,4333,1133,2325
4/26/19 0:00,2254,3407,4609,1159,1480
4/27/19 0:00,3197,5119,6615,1825,1686
4/28/19 0:00,2772,4864,5591,1776,606
4/29/19 0:00,1581,2645,3269,950,383
4/30/19 0:00,873,1838,2415,683,235
5/1/19 0:00,808,1963,2466,731,168
5/2/19 0:00,1288,1862,2304,520,174
5/3/19 0:00,586,1200,1442,363,101
5/4/19 0:00,2397,5127,5706,1665,1634
5/5/19 0:00,2631,4991,5175,1794,1399
5/6/19 0:00,1630,2601,2810,780,325
5/7/19 0:00,975,1981,1876,553,279
5/8/19 0:00,498,1195,1656,476,117
5/9/19 0:00,1134,1926,2191,567,834
5/10/19 0:00,2414,1879,2330,594,293
5/11/19 0:00,3131,2470,3238,805,172
5/12/19 0:00,6064,6251,6402,2186,914
5/13/19 0:00,3320,3747,3810,1119,591
5/14/19 0:00,2932,3061,3509,932,380
5/15/19 0:00,2573,3042,3588,971,415
5/16/19 0:00,2550,3266,3874,1022,433
5/17/19 0:00,1797,2517,3356,993,381
5/18/19 0:00,1478,2569,3754,1076,193
5/19/19 0:00,1920,4367,4357,1704,527
5/20/19 0:00,1183,2289,2814,908,289
5/21/19 0:00,1921,2974,3138,937,377
5/22/19 0:00,1646,2418,2994,929,382
5/23/19 0:00,1075,2224,2770,945,293
5/24/19 0:00,1215,2415,3039,949,281
5/25/19 0:00,2169,4184,5137,1634,315
5/26/19 0:00,2230,4410,5245,1663,318
5/27/19 0:00,2561,4310,5090,1662,368
5/28/19 0:00,686,2151,3131,916,214
5/29/19 0:00,719,2112,2249,989,262
5/30/19 0:00,918,2592,2914,840,252
5/31/19 0:00,1155,2650,3181,929,471
6/1/19 0:00,1695,4143,4314,1751,391
6/2/19 0:00,1356,4461,4306,1626,362
6/3/19 0:00,757,2550,2665,1230,299
6/4/19 0:00,1042,2297,2211,631,215
6/5/19 0:00,707,2522,2972,942,385
6/6/19 0:00,1338,2596,3101,806,322
6/7/19 0:00,1180,2745,3614,1031,620
6/8/19 0:00,1803,4441,5330,1685,470
6/9/19 0:00,1918,3435,3296,1361,671
6/10/19 0:00,1383,3190,3266,1165,992
6/11/19 0:00,2320,2571,3053,778,244
6/12/19 0:00,3662,3399,2848,1113,473
6/13/19 0:00,1683,3031,4121,951,499
6/14/19 0:00,1500,2529,3350,1010,326
6/15/19 0:00,1585,3371,4703,1552,326
6/16/19 0:00,1349,3390,4199,1460,292
6/17/19 0:00,1288,2826,3324,851,314
6/18/19 0:00,1179,2353,3402,975,354
6/19/19 0:00,837,1793,2801,899,334
6/20/19 0:00,479,1400,2346,859,307
6/21/19 0:00,660,1615,2480,862,217
6/22/19 0:00,1702,3735,4649,1446,242
6/23/19 0:00,1109,2809,3387,1363,269
6/24/19 0:00,1565,1951,2657,709,236
6/25/19 0:00,1609,2896,3301,678,632
6/26/19 0:00,1225,2338,2886,691,411
6/27/19 0:00,1041,1656,2182,579,419
6/28/19 0:00,1105,2040,3066,861,629
6/29/19 0:00,1935,4055,4296,1652,515
6/30/19 0:00,1972,3298,3814,1290,241
7/1/19 0:00,1187,2342,2754,1016,543
7/2/19 0:00,1018,2464,2641,1050,339
7/3/19 0:00,863,1815,2391,705,230
7/4/19 0:00,1641,3429,4926,1645,385
7/5/19 0:00,951,2278,3234,1000,272
7/6/19 0:00,1499,3736,4638,1591,339
7/7/19 0:00,1142,2961,3487,1355,271
7/8/19 0:00,1223,1723,2017,733,427
7/9/19 0:00,739,1572,2929,910,356
7/10/19 0:00,668,1948,2506,915,317
7/11/19 0:00,891,2275,2536,879,359
7/12/19 0:00,716,2021,2686,826,341
7/13/19 0:00,1164,3520,4241,1534,329
7/14/19 0:00,1094,2962,3482,1442,295
7/15/19 0:00,751,1702,2412,755,297
7/16/19 0:00,886,1938,2362,922,312
7/17/19 0:00,855,1998,2189,951,259
7/18/19 0:00,754,1772,2139,885,246
7/19/19 0:00,880,1656,2370,790,244
7/20/19 0:00,1348,3113,3341,1462,281
7/21/19 0:00,1223,3062,3239,1434,255
7/22/19 0:00,667,1913,1937,823,233
7/23/19 0:00,607,2104,2064,993,352
7/24/19 0:00,850,2430,2647,1058,380
7/25/19 0:00,1348,2586,2959,1040,319
7/26/19 0:00,1155,2426,3132,877,290
7/27/19 0:00,1438,3397,4448,1578,262
7/28/19 0:00,1512,2377,3177,1657,243
7/29/19 0:00,815,1340,2019,872,203
7/30/19 0:00,706,1046,1963,876,244
7/31/19 0:00,771,1238,1824,810,204
8/1/19 0:00,713,1394,1837,868,243
8/2/19 0:00,675,1291,2120,758,185
8/3/19 0:00,942,2418,2924,1519,208
8/4/19 0:00,1092,2654,3125,1296,180
8/5/19 0:00,798,1259,1988,918,221
8/6/19 0:00,794,1086,1842,774,237
8/7/19 0:00,855,1108,1575,823,201
8/8/19 0:00,706,616,1512,696,205
8/9/19 0:00,1015,851,1489,639,213
8/10/19 0:00,1106,1550,2346,1279,203
8/11/19 0:00,1160,1176,2317,1274,216
8/12/19 0:00,866,688,1308,708,192
8/13/19 0:00,739,715,1408,693,228
8/14/19 0:00,629,699,1473,684,216
8/15/19 0:00,585,878,1501,661,218
8/16/19 0:00,637,877,1380,620,231
8/17/19 0:00,1075,1552,2349,1437,220
8/18/19 0:00,1183,1295,2165,1285,215
8/19/19 0:00,593,784,1289,716,196
8/20/19 0:00,725,764,1461,753,216
8/21/19 0:00,1027,937,1512,776,262
8/22/19 0:00,862,890,1459,722,209
8/23/19 0:00,645,985,1497,762,226
8/24/19 0:00,1025,2273,2658,1335,327
8/25/19 0:00,1556,1597,2612,1315,256
8/26/19 0:00,909,889,1493,650,251
8/27/19 0:00,593,769,1302,725,212
8/28/19 0:00,828,1039,1501,807,316
8/29/19 0:00,772,874,1554,764,310
8/30/19 0:00,716,1022,1585,716,247
8/31/19 0:00,1354,2223,3154,1400,261
9/1/19 0:00,1091,2082,3559,1390,290
9/2/19 0:00,1589,2216,2895,1571,360
9/3/19 0:00,1002,975,1724,789,404
9/4/19 0:00,851,667,1596,859,319
9/5/19 0:00,1045,809,1766,794,308
9/6/19 0:00,920,878,1847,678,338
9/7/19 0:00,1337,1496,2792,1513,331
9/8/19 0:00,1042,1174,2724,1331,263
9/9/19 0:00,850,757,1747,804,289
9/10/19 0:00,842,1170,1661,743,260
9/11/19 0:00,792,1090,1844,753,319
9/12/19 0:00,763,837,1880,853,298
9/13/19 0:00,930,878,2030,811,319
9/14/19 0:00,1391,1805,3180,1487,297
9/15/19 0:00,1276,1684,3078,1396,364
9/16/19 0:00,837,815,1769,769,312
9/17/19 0:00,730,1062,1681,826,253
9/18/19 0:00,848,860,1996,808,622
9/19/19 0:00,803,808,1747,757,280
9/20/19 0:00,861,821,2280,814,330
9/21/19 0:00,855,1342,3169,1614,280
9/22/19 0:00,1112,1466,3056,1443,272
9/23/19 0:00,663,819,2308,871,283
9/24/19 0:00,693,845,1969,883,316
9/25/19 0:00,853,1094,2061,875,339
9/26/19 0:00,818,965,2062,772,381
9/27/19 0:00,878,940,2090,783,265
9/28/19 0:00,766,1496,3809,1397,263
9/29/19 0:00,1370,1799,3391,1416,261
9/30/19 0:00,675,727,1649,700,288
10/1/19 0:00,1483,809,1979,881,323
10/2/19 0:00,1037,894,1916,801,303
10/3/19 0:00,1165,888,2155,784,364
10/4/19 0:00,3806,942,2289,782,388
10/5/19 0:00,5508,1653,2916,1357,418
10/6/19 0:00,4096,550,3151,1434,464
10/7/19 0:00,1617,2575,2747,1094,632
10/8/19 0:00,1996,2628,2822,1061,573
10/9/19 0:00,1316,1017,2088,874,340
10/10/19 0:00,877,776,2144,796,270
10/11/19 0:00,11393,1279,1512,394,196
10/12/19 0:00,13710,2954,3694,1610,397
10/13/19 0:00,11927,3304,4290,1434,398
10/14/19 0:00,1320,1894,,1029,235
10/15/19 0:00,808,991,,747,389
10/16/19 0:00,2568,2177,,791,312
10/17/19 0:00,3181,2650,,934,325
10/18/19 0:00,2549,2786,,899,459
10/19/19 0:00,2707,2959,,1804,757
10/20/19 0:00,2510,2510,,1699,329
10/21/19 0:00,2839,2911,,961,674
10/22/19 0:00,3101,2753,,918,483
10/23/19 0:00,2107,1995,,987,329
10/24/19 0:00,2076,1813,,742,199